1 DSM;Desenvolvimento de Sistema Multiplataformas;Noturno
2 DSM;Desenvolvimento de Sistema Multiplataformas;Noturno
3 DSM;Desenvolvimento de Sistema Multiplataformas;Noturno
4 DSM;Desenvolvimento de Sistema Multiplataformas;Noturno
5 DSM;Desenvolvimento de Sistema Multiplataformas;Noturno
6 DSM;Desenvolvimento de Sistema Multiplataformas;Noturno
1 GEO;Geoprocessamento;Noturno
3 GEO;Geoprocessamento;Noturno
5 GEO;Geoprocessamento;Noturno
6 GEO;Geoprocessamento;Noturno
1 MARH;Meio Ambiente e Recursos Humanos;Noturno
2 MARH;Meio Ambiente e Recursos Humanos;Noturno
3 MARH;Meio Ambiente e Recursos Humanos;Noturno
5 MARH;Meio Ambiente e Recursos Humanos;Matutino
6 MARH;Meio Ambiente e Recursos Humanos;Matutino

